{
    "train_losses": [
        1.2631854017575581,
        1.2249968647956848,
        1.1858857870101929,
        1.1469724973042805,
        1.1190111835797627,
        1.0923479596773784,
        1.0807084441184998,
        1.0690122246742249,
        1.0548107028007507,
        1.031140039364497,
        1.024188240369161,
        0.9984463055928549,
        0.9809259275595347,
        0.9782386918862661,
        0.9694092373053232,
        0.9669957955678304,
        0.9598030149936676,
        0.9590199192365011,
        0.9427036345005035,
        0.9362782339255015,
        0.9388773938020071,
        0.9252606431643168,
        0.8984060188134512,
        0.9237580100695292,
        0.9127227465311686,
        0.9080118238925934,
        0.903933564821879,
        0.901488721370697,
        0.8870110611120859,
        0.8894728521505991,
        0.8930016656716665,
        0.886014848947525,
        0.8811915218830109,
        0.8793966174125671,
        0.890274445215861,
        0.8679980436960856,
        0.8796110252539316,
        0.8715850114822388,
        0.8519354065259298,
        0.8546678523222605
    ],
    "val_losses": [
        1.198825716972351,
        1.1906132698059082,
        1.1776238083839417,
        1.1722413301467896,
        1.1282194256782532,
        1.0741058588027954,
        1.0420100688934326,
        0.994509756565094,
        0.9871030747890472,
        0.9625105559825897,
        0.9549121856689453,
        0.9616095125675201,
        0.9501352310180664,
        0.9366709291934967,
        0.9352419078350067,
        0.9209834933280945,
        0.9327501952648163,
        0.9482448697090149,
        0.9339735507965088,
        0.9259188771247864,
        0.9464573264122009,
        0.9309677481651306,
        0.9212098717689514,
        0.9102652370929718,
        0.9065113365650177,
        0.9215502738952637,
        0.9274995028972626,
        0.9307011663913727,
        0.9430434703826904,
        0.9385548532009125,
        0.9435330331325531,
        0.9340654611587524,
        0.943726122379303,
        0.9296277165412903,
        0.9293093383312225,
        0.9314524531364441,
        0.9315236806869507,
        0.9252062141895294,
        0.9320732355117798,
        0.937422513961792
    ],
    "val_aucs": [
        0.6392264320216426,
        0.6720754914034518,
        0.7001104618184252,
        0.726460450538975,
        0.748174247580173,
        0.7580708140337303,
        0.7667195338520028,
        0.7755833327039544,
        0.7832419071297204,
        0.7933660727806938,
        0.7993125712928978,
        0.7984435818102377,
        0.8063968496792636,
        0.8115114030377351,
        0.8130115657940448,
        0.8165668576945461,
        0.8178484261631103,
        0.818171265355565,
        0.8204464879091762,
        0.8224438027307786,
        0.8215888862597484,
        0.8246257276650452,
        0.8257659787594275,
        0.8273439697881222,
        0.8287723872307543,
        0.8289102216283393,
        0.8247691459456689,
        0.8281200996034722,
        0.8265106569949934,
        0.8271482001465863,
        0.82865693282866,
        0.8294307608770776,
        0.8294021254407462,
        0.8309802424293006,
        0.8313804592903229,
        0.8303459906941053,
        0.8311266657054577,
        0.8318081861439154,
        0.8314428877129109,
        0.8311199604155898
    ],
    "val_accs": [
        0.5485984919344654,
        0.2731578728384256,
        0.2620589786088753,
        0.2350880338147621,
        0.3595359883781691,
        0.49632525605399486,
        0.5490303946315642,
        0.6856326276256234,
        0.654227620642804,
        0.7439052052372976,
        0.7529909613931983,
        0.8034892932358747,
        0.8390538852971825,
        0.8329414215833535,
        0.8375095264923721,
        0.8367937616646136,
        0.8376858852134097,
        0.8650146679015038,
        0.8545772891129163,
        0.8588779482634356,
        0.8723658564768518,
        0.8618473465442967,
        0.8557769164102512,
        0.8475553412529023,
        0.849952034700591,
        0.8620371768430061,
        0.8637442980471054,
        0.8522938958403795,
        0.8731552685674687,
        0.8686137235544242,
        0.8768286194068456,
        0.8728890180902317,
        0.8782703274000543,
        0.8624480764837918,
        0.8647224967395061,
        0.8697893186780745,
        0.867650830524468,
        0.8627762435533963,
        0.8687441709580735,
        0.8738190214519538
    ],
    "val_precs": [
        0.11988683226745188,
        0.08799409644928957,
        0.08962963400296887,
        0.0885652386052741,
        0.10285589437076169,
        0.11663401195418488,
        0.12322718158788715,
        0.15677426282661133,
        0.1531682823985024,
        0.18222806556905644,
        0.1856475051701688,
        0.21763783407214177,
        0.23547435895738514,
        0.2345201000222784,
        0.24143314909448974,
        0.2433491367161332,
        0.24072276150703217,
        0.2731205677189757,
        0.25888149946259975,
        0.2675438669034727,
        0.27671915961420923,
        0.26989554542355865,
        0.26269008298834307,
        0.2533591731827956,
        0.2552310028989004,
        0.2697804618673853,
        0.2737376693199482,
        0.25495725515737905,
        0.2852297622470055,
        0.27863854610771793,
        0.2901190057058997,
        0.2828561811852594,
        0.2920001849986686,
        0.26942981233262936,
        0.27440062204588545,
        0.280234584512625,
        0.2756639271486278,
        0.26938908409049006,
        0.2760811512631817,
        0.2859285487005035
    ],
    "val_recs": [
        0.5458509412562086,
        0.904488221663415,
        0.9336102440711395,
        0.9598960014758037,
        0.9141893257893372,
        0.8575578712190389,
        0.8297727581092706,
        0.7203804783222273,
        0.7800521413920544,
        0.7190444136875205,
        0.6981088424732068,
        0.6325845512676455,
        0.5754207588395226,
        0.5956845777191803,
        0.6012543333469732,
        0.6006326969420495,
        0.5915389478191332,
        0.5305099994697265,
        0.5793958098298475,
        0.5783176591744493,
        0.5174978961057445,
        0.5668909067004076,
        0.5907944316498542,
        0.6083522134202772,
        0.6101965177622214,
        0.5691989324396137,
        0.5646345721890228,
        0.5938521211505611,
        0.5497412841723913,
        0.5577498597267782,
        0.5407475482523039,
        0.5473727281693304,
        0.5362883534746085,
        0.5730911030115041,
        0.5730205226503128,
        0.5605677921105737,
        0.5660442910130906,
        0.5771211854678243,
        0.5582112857637468,
        0.5535546097837282
    ],