{
    "train_losses": [
        1.206467866897583,
        1.1047784288724263,
        1.0260185201962788,
        0.9901708960533142,
        0.9484268426895142,
        0.9214708209037781,
        0.8740485707918803,
        0.8544676005840302,
        0.848930428425471,
        0.8404819766680399,
        0.8239095012346903,
        0.810534824927648,
        0.7896986206372579,
        0.7908218502998352,
        0.7700923681259155,
        0.7561615606149038,
        0.7424599329630533,
        0.7313954830169678,
        0.7417451937993368,
        0.7261273761590322,
        0.7095752656459808,
        0.7103780011336008,
        0.7160667280356089,
        0.7098453839619955,
        0.6890264948209127,
        0.6853183110555013,
        0.6708231965700785,
        0.6609655817349752,
        0.6547408004601797,
        0.6501052478949229,
        0.64479332168897,
        0.6343812644481659,
        0.6246886154015859,
        0.6189475556214651,
        0.6213900248209635
    ],
    "val_losses": [
        1.1917868852615356,
        1.3084728121757507,
        1.6189407706260681,
        1.9016227722167969,
        1.8264701962471008,
        1.7720283269882202,
        1.421159565448761,
        1.3872498273849487,
        1.2028450965881348,
        1.1789193749427795,
        1.1997016072273254,
        1.056088626384735,
        1.1062024235725403,
        1.033937394618988,
        1.0136817395687103,
        1.1269133687019348,
        1.1273109912872314,
        1.2061062455177307,
        1.0702095031738281,
        0.9850095212459564,
        1.1309019923210144,
        1.067374050617218,
        1.0766116380691528,
        1.0415342450141907,
        1.1121959686279297,
        1.171294629573822,
        1.1999685168266296,
        1.181290864944458,
        1.072705328464508,
        1.0147123336791992,
        1.0436601042747498,
        1.097899317741394,
        1.0334283709526062,
        1.0428293943405151,
        1.0800310969352722
    ],
    "val_aucs": [
        0.6798217248339,
        0.6525920740201979,
        0.6791580986419102,
        0.6685070719656175,
        0.6854330528932264,
        0.6978276330480232,
        0.7259343532429026,
        0.7787849004049262,
        0.8033239723628434,
        0.8109631953000919,
        0.8162706787065629,
        0.8253073803981531,
        0.8274569701850126,
        0.8300884989022276,
        0.8306992419423445,
        0.8211529883988403,
        0.8278277797314647,
        0.8243192363042441,
        0.8328847774996437,
        0.8298215552231595,
        0.8248987831473796,
        0.8339956058408822,
        0.8276632809475432,
        0.8322509400721098,
        0.8299266725013733,
        0.8212362660812458,
        0.831014683447931,
        0.8327118224296917,
        0.8356334541176857,
        0.8378670431734997,
        0.8407750060779847,
        0.8388332634263236,
        0.8406382685627167,
        0.8393131145875249,
        0.8368600440963924
    ],
    "val_accs": [
        0.6308009968446817,
        0.5687005579863106,
        0.6453590762247302,
        0.6067682363957693,
        0.6592562172144439,
        0.708508337131303,
        0.7261162782854763,
        0.8298907900661437,
        0.8658306950088489,
        0.8580905179311425,
        0.8895377805243093,
        0.8734097745727665,
        0.8919759575596853,
        0.8909370771562594,
        0.8951338516223261,
        0.8782740881750709,
        0.8988724722789513,
        0.878262014396037,
        0.8898476591763603,
        0.8829586116394537,
        0.8950966661721497,
        0.8908804958237718,
        0.8770764243897231,
        0.8861935502605731,
        0.9018505729811578,
        0.8748710631978972,
        0.9030531382520229,
        0.8815521961694368,
        0.8843764036537118,
        0.8830285361877975,
        0.8842752057329092,
        0.893734895609339,
        0.8918623154712199,
        0.8920277321239968,
        0.899543275045427
    ],
    "val_precs": [
        0.13669736945153763,
        0.1238967078421279,
        0.14404834191857072,
        0.12687831843813643,
        0.1525390678078357,
        0.14330727657495942,
        0.17606090821360035,
        0.22151003095665048,
        0.2894381490856541,
        0.3342645113164557,
        0.37565964610512487,
        0.36644123720006944,
        0.39467424078625674,
        0.3967966062112837,
        0.39047726405956995,
        0.32016048524612684,
        0.40440339607130354,
        0.4014642139330966,
        0.41606184372443344,
        0.37932170402868004,
        0.4036341996301705,
        0.38026297505986634,
        0.4076801530972504,
        0.3731152681917084,
        0.4342255105627136,
        0.31411308602299354,
        0.401729665499627,
        0.39939515582368873,
        0.38434084714864963,
        0.38341312243843917,
        0.40453895904745085,
        0.41216854508986195,
        0.4134110914761295,
        0.40971717787691836,
        0.41640692482026637
    ],
    "val_recs": [
        0.6735262423054854,
        0.711008020983699,
        0.6457901746458984,
        0.6844221176618657,
        0.609329371174307,
        0.6016416403081073,
        0.6087801490959396,
        0.5641863334901335,
        0.5162353973495103,
        0.5625108127029996,
        0.5357154687023921,
        0.6011264452284807,
        0.542548012426526,
        0.5582815586916734,
        0.5595845575385061,
        0.5678373484915107,
        0.5513600215692565,
        0.579424233560062,
        0.5633579583190328,
        0.6092016729761366,
        0.5482223523586094,
        0.5538517392161647,
        0.5883446731259339,
        0.5857333810672948,
        0.5469491627955746,
        0.5594672951644274,
        0.5587438325581752,
        0.595084746991958,
        0.5997103811478888,
        0.6152080763068644,
        0.6205247039503633,
        0.5807208809380385,
        0.5976171305501029,
        0.6146002427316576,
        0.5759093418814937
    ],
    "val_f1s": [
        0.2172313153235985,
        0.2002464197606552,
        0.21988917257764373,
        0.20479800892743902,
        0.22789200492683193,
        0.22481162196010732,
        0.25494890231188233,
        0.305659560002252,
        0.3505334711528678,
        0.38000149669518635,
        0.4128752171294814,
        0.4104072785238207,
        0.42832062532364773,
        0.4330777663163791,
        0.4338975759086381,
        0.3933723364274524,
        0.44010057003189473,
        0.4309105765780168,
        0.4430655846677282,
        0.43256660302469324,
        0.4345114050914935,
        0.42743603921602985,
        0.4276766828565421,
        0.42293286092577453,
        0.4582588829946266,
        0.3899729085309394,
        0.44637766768463,
        0.44035978457633623,
        0.4334223478278268,
        0.4370980575865251,
        0.45306851112171254,
        0.4557894707306535,
        0.4541990443457224,
        0.45256814770834386,
        0.45201235099676973
    ],
    "best_thresholds": [
        0.8525042533874512,
        0.8197485208511353,
        0.42442992329597473,
        0.4981633126735687,
        0.5362159609794617,
        0.6838347315788269,
        0.3886544108390808,
        0.31352177262306213,
        0.5319221615791321,
        0.5594675540924072,
        0.34335383772850037,
        0.612570583820343
    ],
    "training_time_seconds": 60.769872188568115,
    "test_metrics": {
        "mean_auc": 0.8373294174095394,
        "mean_acc": 0.8849007188773523,
        "mean_prec": 0.399930237214988,
        "mean_rec": 0.5877027009515489,
        "mean_f1": 0.4475976293901265
    }
}