{
    "train_losses": [
        1.2101653615633647,
        1.0840983986854553,
        1.020356406768163,
        0.9914915859699249,
        0.951984296242396,
        0.9356441497802734,
        0.9007421632607778,
        0.887497474749883,
        0.8719189961751302,
        0.8564879695574442,
        0.845090905825297,
        0.8356207807858785,
        0.817129929860433,
        0.8043780028820038,
        0.7936816513538361,
        0.7836847305297852,
        0.7733591596285502,
        0.7626624405384064,
        0.7545203765233358,
        0.7342081169287363,
        0.7305135627587637,
        0.730657031138738,
        0.7143442928791046,
        0.7078152000904083,
        0.7004786332448324,
        0.6929646134376526,
        0.7031961977481842,
        0.6944415668646494
    ],
    "val_losses": [
        1.1880948543548584,
        1.3061189651489258,
        1.6107167601585388,
        1.8727797865867615,
        1.958919107913971,
        1.8026432991027832,
        1.7278974652290344,
        1.6352791786193848,
        1.4462553262710571,
        1.2173550724983215,
        1.1274896264076233,
        1.0974820256233215,
        1.0330226421356201,
        1.0760748982429504,
        1.1279102563858032,
        1.1933881044387817,
        1.1408627033233643,
        1.1145719289779663,
        1.0758963227272034,
        1.0565398931503296,
        1.0987758040428162,
        1.0802991390228271,
        1.0841588973999023,
        1.1429154872894287,
        1.1719492673873901,
        1.0855863690376282,
        1.0457974076271057,
        1.0420935153961182
    ],
    "val_aucs": [
        0.641873189064193,
        0.650817821808942,
        0.6635137605087761,
        0.6885614040444475,
        0.686848602025862,
        0.7075473630274939,
        0.7604084210792856,
        0.7685373278191134,
        0.784338627774838,
        0.8028312085761279,
        0.8162304893036415,
        0.817371331084666,
        0.8294891815554378,
        0.8253429836979094,
        0.8216028204233613,
        0.8201638575074844,
        0.8245353534945981,
        0.8246225989207713,
        0.8285180395319336,
        0.8334610142963369,
        0.8315193636803736,
        0.8344841630673169,
        0.8313870399124181,
        0.829364405194425,
        0.8321213082210125,
        0.8368367105638806,
        0.838347602952883,
        0.8381564378037485
    ],
    "val_accs": [
        0.5276882908965207,
        0.5393126318607823,
        0.5360793143646735,
        0.5568232930391551,
        0.5446086410500911,
        0.6162022490270888,
        0.760039217976459,
        0.7521698402427716,
        0.7912985624209847,
        0.8085392141851498,
        0.8124332475647891,
        0.8247498946573623,
        0.8257931040327335,
        0.8466090123085679,
        0.8270832168286955,
        0.8235102445469052,
        0.8151008370145378,
        0.8462112786619845,
        0.8452257431338849,
        0.8290421227341024,
        0.8533565918807148,
        0.8344966957139645,
        0.8389862239692332,
        0.8477937760534741,
        0.8495242249104836,
        0.8630640925495546,
        0.852164475594375,
        0.8440211644474923
    ],
    "val_precs": [
        0.115935806514058,
        0.11610469676348767,
        0.11896693448545888,
        0.12309038176923874,
        0.12038684327851601,
        0.1348845811289781,
        0.22396326165661282,
        0.19825213254913288,
        0.24897268660184568,
        0.23947849257054313,
        0.2876360068951661,
        0.2841136386997009,
        0.3118840117124717,
        0.31429824341060003,
        0.2752578109820418,
        0.2935309792037484,
        0.2502594499117515,
        0.28110771795023626,
        0.272914893122578,
        0.2954033817487612,
        0.2944171069449994,
        0.3007685848501437,
        0.2902892457062772,
        0.28472334870927246,
        0.3343561610917872,
        0.3621597992364413,
        0.31262984506030156,
        0.31393396455608363
    ],
    "val_recs": [
        0.7391639984397531,
        0.7443135901660454,
        0.7742436692750702,
        0.7818403147838261,
        0.7794705472706841,
        0.7314370003505676,
        0.6467904286940013,
        0.6617615025805607,
        0.6371548106505137,
        0.634505273195234,
        0.6670669154519059,
        0.6545752669752425,
        0.686607751149341,
        0.6233367942413707,
        0.6512755943520279,
        0.6532926756713027,
        0.6822432564233339,
        0.6470913054066977,
        0.6508241564560037,
        0.6674436729994366,
        0.6402851572581436,
        0.6644986831149373,
        0.6648756776316016,
        0.6560366528713878,
        0.6672943212649222,
        0.6327702259778784,
        0.6601224016459549,
        0.6763302413978471
    ],
    "val_f1s": [
        0.19225988099200908,
        0.19402869851127122,
        0.19926167674548337,
        0.20475813776235466,
        0.2015599614993735,
        0.21817498475748187,
        0.3021426595474979,
        0.28364017570155026,
        0.3238459753133998,
        0.333541995321515,
        0.3640984095261171,
        0.36075990660352925,
        0.38399584064457293,
        0.3903315905945702,
        0.3624318264834694,
        0.37109472135184945,
        0.3504718763630164,
        0.37120126027578165,
        0.37446020440478245,
        0.38332519975403284,
        0.3888881605816974,
        0.387414711443302,
        0.38262225773720493,
        0.38082157329066985,
        0.4044125798037385,
        0.4200780254204841,
        0.39720711016433147,
        0.39222131592671156
    ],
    "best_thresholds": [
        0.7369711399078369,
        0.5464288592338562,
        0.31722602248191833,
        0.23355692625045776,
        0.3914047181606293,
        0.4776650369167328,
        0.173583984375,
        0.23166310787200928,
        0.37489745020866394,
        0.29834166169166565,
        0.1682479828596115,
        0.2813175618648529
    ],
    "training_time_seconds": 44.267425537109375,
    "test_metrics": {
        "mean_auc": 0.8376624692136302,
        "mean_acc": 0.8258829672556973,
        "mean_prec": 0.31809639040307874,
        "mean_rec": 0.6810334355793266,
        "mean_f1": 0.3931910332215239
    }
}