{
    "train_losses": [
        1.2747214039166768,
        1.2275177637736003,
        1.1830734610557556,
        1.1542329986890156,
        1.1113131046295166,
        1.0798182487487793,
        1.0634897351264954,
        1.05129474401474,
        1.0213513175646465,
        1.0188811719417572,
        1.0029145280520122,
        0.9901807904243469,
        0.9876131614049276,
        0.9810586273670197,
        0.9752391080061594,
        0.9614636898040771,
        0.946289579073588,
        0.9687671462694804,
        0.9310326476891836,
        0.9334433774153391,
        0.9403768082459768,
        0.9226835668087006,
        0.9308058321475983,
        0.9125602841377258,
        0.9086602330207825,
        0.9036228259404501,
        0.9042383829752604,
        0.8993556002775828,
        0.8904689252376556,
        0.8830553094546,
        0.8908130625883738,
        0.875633547703425,
        0.8814052244027456,
        0.8699003259340922,
        0.8623110751310984,
        0.8456912736097971,
        0.8370952407519022,
        0.853259950876236,
        0.8477954864501953,
        0.8580500185489655,
        0.8417585293451945,
        0.8308456738789877,
        0.8266948958237966,
        0.8344640930493673
    ],
    "val_losses": [
        1.1992794871330261,
        1.1927216053009033,
        1.1872382164001465,
        1.189021646976471,
        1.1468228697776794,
        1.081242024898529,
        1.0591312646865845,
        1.012608528137207,
        0.9829456806182861,
        0.9747122824192047,
        0.9761883914470673,
        0.9770645499229431,
        0.9675083160400391,
        0.958118200302124,
        0.9541803300380707,
        0.9458043873310089,
        0.9567651748657227,
        0.9390275180339813,
        0.944524347782135,
        0.9251401126384735,
        0.9774443805217743,
        0.951084554195404,
        0.9574392735958099,
        0.9584044516086578,
        0.9486881196498871,
        0.9115454256534576,
        0.9328515827655792,
        0.953025221824646,
        0.90720534324646,
        0.9694246649742126,
        0.9259331822395325,
        0.9582788050174713,
        0.9298699200153351,
        0.9424842596054077,
        0.9421741366386414,
        0.9524208605289459,
        0.9337704479694366,
        0.9625352919101715,
        0.9503699839115143,
        0.9365156590938568,
        0.948297530412674,
        0.9579342603683472,
        0.9391961991786957,
        0.9423180818557739
    ],
    "val_aucs": [
        0.6880875488175798,
        0.6873156756401825,
        0.7186514424307555,
        0.7242399262425986,
        0.7410499513664125,
        0.7591510068369488,
        0.7663218706216703,
        0.777436615710715,
        0.7862028736486969,
        0.7897298633664597,
        0.799041616889539,
        0.8055674364590176,
        0.8080577363720334,
        0.81252503010065,
        0.8153127370941537,
        0.815898931597942,
        0.8179515117672191,
        0.82021029097172,
        0.819942712437214,
        0.823787403369017,
        0.8224004326688332,
        0.8255063525472455,
        0.8260691967067629,
        0.8302968395803303,
        0.8248820850182992,
        0.8280924435125429,
        0.8276873486375469,
        0.8291591997881435,
        0.8351134961232366,
        0.8299616471661736,
        0.8349054274353741,
        0.8330584693553086,
        0.834616217926683,
        0.8349574858014219,
        0.833780628670628,
        0.8341244096896947,
        0.8345638331271722,
        0.8335269450983267,
        0.8348636565031412,
        0.8360364974216309,
        0.8345285382426818,
        0.834486270275491,
        0.8356283251083237,
        0.8359538712147604
    ],
    "val_accs": [
        0.7845124778986676,
        0.8138546489791932,
        0.8178518365138264,
        0.8771961707233459,
        0.8663060953502413,
        0.8843611315212948,
        0.8700127666517385,
        0.885714053594679,
        0.8884673478385346,
        0.8873667215883726,
        0.8895737933790775,
        0.8937404361078044,
        0.9012785294690052,
        0.9012290220982367,
        0.9071825630111109,
        0.9007964000665459,
        0.911408992994123,
        0.9115110284958559,
        0.9145073154164781,
        0.9076142577288354,
        0.9091042213394478,
        0.9109054441103179,
        0.9069039574592693,
        0.9152782865114641,
        0.9050726037533171,
        0.9151891767762633,
        0.90609673990773,
        0.9161342637733326,
        0.9115096110865667,
        0.9173578311066962,
        0.9139601779963425,
        0.9159486573607866,
        0.9093024538901507,
        0.9033362468361142,
        0.9125605542664698,
        0.9143386977285112,
        0.9122692590846762,
        0.9121583898311728,
        0.9104163742278568,
        0.9199744663253853,
        0.919007867724849,
        0.9188363498502948,
        0.9182645009453966,
        0.9209212031683599
    ],
    "val_precs": [
        0.17270256553735083,
        0.20575755983388722,
        0.24239978176032373,
        0.31022335463385814,
        0.32567901816337896,
        0.35592846556514185,
        0.3455443550261423,
        0.34809679968542495,
        0.3770523501417591,
        0.3856693265826536,
        0.3733931923876621,
        0.39408054652153207,
        0.40489561392066903,
        0.4101352055648719,
        0.4168339611222087,
        0.3983410871604185,
        0.44798545117387634,
        0.4277892576332516,
        0.4485022631743998,
        0.4274479636156434,
        0.43665706155898004,
        0.44355264515549614,
        0.44361017851436707,
        0.4681456969451306,
        0.4554879920270485,
        0.45781647714133483,
        0.44147035232373577,
        0.45674350727975765,
        0.44399148284562534,
        0.4611793085476128,
        0.45648771000381844,
        0.44346951207322755,
        0.4471244574457292,
        0.4205739697773642,
        0.45041402517483925,
        0.4569541273045498,
        0.46266419750809873,
        0.4707827792780533,
        0.4479112865235957,
        0.46897776595313356,
        0.47661146086180023,
        0.4734308847107598,
        0.4761906879884657,
        0.48159383464088545
    ],
    "val_recs": [
        0.47014655162719254,
        0.4097632879291344,
        0.46984066942105035,
        0.39145731445839727,
        0.424423039110847,
        0.40521251839666367,
        0.42699884680729383,
        0.40914404188197445,
        0.3969610148160034,
        0.43359293867009846,
        0.4450856560789869,
        0.44653097133541203,
        0.43530947840242123,
        0.43657744906989443,
        0.4226740987321505,
        0.45036534498424685,
        0.4242652528224926,
        0.4112310662741103,
        0.41346679432173633,
        0.4322886081056449,
        0.4298292077582773,
        0.44502247941384315,
        0.45483303862488283,
        0.43006512453304624,
        0.46860555102504264,
        0.43285037139574817,
        0.4896006106046291,
        0.4532311644602371,
        0.4677780258364661,
        0.43338316391614806,
        0.450262456117628,
        0.44374209069444565,
        0.46847095405694944,
        0.4870280286974116,
        0.474829217867047,
        0.45914956292276177,
        0.46661458168361764,
        0.4626201848199926,
        0.4718296254725383,
        0.4397241346320216,
        0.4489083525281227,
        0.44639160297707975,
        0.44369859040207366,
        0.42900695066980005
    ],