{
    "train_losses": [
        0.5437664836645126,
        0.3052830249071121,
        0.29303283989429474,
        0.2747841676076253,
        0.2641363243261973,
        0.2647520403067271,
        0.2579350769519806,
        0.25388680150111514,
        0.24957585086425146,
        0.24635370820760727,
        0.24102351566155752,
        0.24505711098512015,
        0.23672756552696228,
        0.23352795342604318,
        0.2336918885509173,
        0.23103526482979456,
        0.22765950361887613,
        0.22290023664633432,
        0.22278456389904022,
        0.22258063654104868,
        0.22100254893302917,
        0.21913533409436545,
        0.22164245446523032,
        0.21600993225971857,
        0.21623466163873672,
        0.21606584638357162,
        0.21088618536790213,
        0.21340403954188028,
        0.20993361622095108,
        0.21257328490416208,
        0.20854808390140533,
        0.2102058380842209,
        0.20929558078447977,
        0.2070686196287473,
        0.20454327265421549,
        0.204376719892025,
        0.2022351250052452,
        0.20532745122909546,
        0.20448945462703705,
        0.20219959566990534,
        0.20176812012990317,
        0.20194690922896066,
        0.20360752195119858,
        0.19822422663370767,
        0.196695809563001,
        0.19644869367281595,
        0.19686763981978098,
        0.19631661474704742,
        0.19541349758704504,
        0.19218166917562485,
        0.19496658941109976,
        0.19570975999037424,
        0.19388038913408914,
        0.19361106554667154,
        0.19240535547335944,
        0.19275394330422083,
        0.18914886315663657,
        0.18809597690900168,
        0.18908181289831796,
        0.19051427890857062,
        0.18936331570148468,
        0.1925761823852857,
        0.1868635962406794,
        0.19071877747774124,
        0.19124210377534231,
        0.18990874538818994,
        0.18683266888062158,
        0.18808935830990473,
        0.18750767409801483,
        0.18592040737469992,
        0.18659236778815588,
        0.18825775881608328,
        0.1859571561217308,
        0.18628177046775818,
        0.18514502296845117,
        0.18701606740554175,
        0.1874424790342649,
        0.18474931021531424,
        0.18414499362309775
    ],
    "val_losses": [
        0.6186260879039764,
        0.4120665341615677,
        0.3885442167520523,
        0.3782554119825363,
        0.33266007900238037,
        0.2941526025533676,
        0.2729904055595398,
        0.2501384988427162,
        0.23730511218309402,
        0.22817647457122803,
        0.21921967715024948,
        0.21859411150217056,
        0.2145443707704544,
        0.21359878778457642,
        0.2120058760046959,
        0.214382141828537,
        0.2126162126660347,
        0.21248458325862885,
        0.21159794926643372,
        0.20784805715084076,
        0.20804526656866074,
        0.20485790818929672,
        0.204240620136261,
        0.19870978593826294,
        0.19789205491542816,
        0.19649425894021988,
        0.1958170235157013,
        0.1963147446513176,
        0.1954898089170456,
        0.19568660110235214,
        0.19404853880405426,
        0.1932157203555107,
        0.19245294481515884,
        0.19317437708377838,
        0.18961848318576813,
        0.19200942665338516,
        0.19165176898241043,
        0.19067949801683426,
        0.18954041600227356,
        0.19507329910993576,
        0.19164078682661057,
        0.19006039947271347,
        0.1899166777729988,
        0.18783650547266006,
        0.1879177913069725,
        0.18935684114694595,
        0.1885526329278946,
        0.19184157997369766,
        0.1910075694322586,
        0.18804584443569183,
        0.18862353265285492,
        0.18822293728590012,
        0.18876827508211136,
        0.18832428753376007,
        0.18900727480649948,
        0.18711870163679123,
        0.1890132948756218,
        0.1892421990633011,
        0.19067756086587906,
        0.18698304891586304,
        0.1927831470966339,
        0.18732049316167831,
        0.1912957727909088,
        0.18647580593824387,
        0.18963733315467834,
        0.18661092221736908,
        0.1891694888472557,
        0.18749772012233734,
        0.188578262925148,
        0.18811962753534317,
        0.18840757012367249,
        0.18775122612714767,
        0.18731137365102768,
        0.1866467297077179,
        0.18914683163166046,
        0.18783754855394363,
        0.18766413629055023,
        0.18767554312944412,
        0.18758835643529892
    ],
    "val_aucs": [
        0.5246006505551849,
        0.5552507299012542,
        0.5948188342311893,
        0.6238228329658396,
        0.6367158658447892,
        0.6636498191119404,
        0.6868584677573949,
        0.6981314588069472,
        0.7095418168582724,
        0.7208193044704555,
        0.7314403996051687,
        0.7422722543317918,
        0.75165675675777,
        0.7591591050783822,
        0.7666347859653967,
        0.7690064005242289,
        0.7730941026455835,
        0.7791928939640669,
        0.7823552606857258,
        0.7868282626024524,
        0.7921919970492491,
        0.7964805786913908,
        0.7987235480485296,
        0.800438234983185,
        0.8035492363105399,
        0.8058065900764028,
        0.8055998258632511,
        0.8065050518958903,
        0.8064671587885792,
        0.8067891877189798,
        0.8078932569961615,
        0.8117152557904275,
        0.8135899121962725,
        0.8151447611423994,
        0.8192825317116177,
        0.8194981016450426,
        0.8197243010701429,
        0.8205201822439472,
        0.8215816202001256,
        0.817428192741389,
        0.820989976728415,
        0.823202041353662,
        0.8218678676089602,
        0.8240088049522365,
        0.824001063576465,
        0.8216477844751048,
        0.8248644580550559,
        0.8223880811248451,
        0.8241573806562221,
        0.8272127227463074,
        0.8280362694188881,
        0.8289184253408571,
        0.8267741356432939,
        0.8285109553191708,
        0.8288710003763287,
        0.8299319543371569,
        0.8291444909466189,
        0.8287604031345004,
        0.8293524532293487,
        0.8306565427749555,
        0.8283172832162883,
        0.8285779124344325,
        0.8276458012035652,
        0.8295209666984316,
        0.8284473058858285,
        0.8297241431912008,
        0.8305165777465127,
        0.8312163677565864,
        0.8305058374385536,
        0.8305737538199577,
        0.8310947304125847,
        0.8313869610525447,
        0.8312094537849712,
        0.8319387728523214,
        0.8322275637236126,
        0.8325449279657025,
        0.8321428311974178,
        0.831525911857414,
        0.8316700559069047
    ],