{
    "train_losses": [
        0.3493434488773346,
        0.30157939592997235,
        0.28515255947907764,
        0.2730301370223363,
        0.2607181519269943,
        0.24981975307067236,
        0.2457892820239067,
        0.240890271961689,
        0.2332697957754135,
        0.2331495483716329,
        0.22666394213835397,
        0.22230618447065353,
        0.22186314314603806,
        0.21883677194515863,
        0.2170027494430542,
        0.21565094590187073,
        0.21457795798778534,
        0.2094838097691536,
        0.2067039559284846,
        0.20633158584435782,
        0.20379507293303809,
        0.1991175189614296,
        0.1988504653175672,
        0.1937960982322693,
        0.1935136690735817,
        0.19205972800652185,
        0.19194240619738898,
        0.19135913997888565,
        0.18774888664484024,
        0.18730473518371582,
        0.18226567655801773,
        0.18413065622250238,
        0.17900940775871277,
        0.17803926269213358,
        0.1795948495467504
    ],
    "val_losses": [
        0.3167282044887543,
        0.4316710829734802,
        0.552343487739563,
        0.6182295978069305,
        0.5096244961023331,
        0.4705065190792084,
        0.4915558099746704,
        0.45241451263427734,
        0.39956124126911163,
        0.36886633932590485,
        0.34550394117832184,
        0.321469247341156,
        0.30653461813926697,
        0.31801222264766693,
        0.33861829340457916,
        0.3174966424703598,
        0.31430815160274506,
        0.30170799791812897,
        0.2963973581790924,
        0.27887217700481415,
        0.2952350229024887,
        0.27889014780521393,
        0.28081460297107697,
        0.2959121912717819,
        0.3090742379426956,
        0.28670264780521393,
        0.3032967895269394,
        0.3251945525407791,
        0.32359321415424347,
        0.3277079463005066,
        0.3186682313680649,
        0.3108212649822235,
        0.31834015250205994,
        0.32576222717761993,
        0.32203060388565063
    ],
    "val_aucs": [
        0.6587407075685979,
        0.6568416625212098,
        0.6448542459343015,
        0.6467643956207562,
        0.6616254225390733,
        0.7070433209091648,
        0.7059798960980693,
        0.7211877039388223,
        0.7601420661465186,
        0.7716518695304592,
        0.7760428065213287,
        0.7968968952742811,
        0.8079530726089219,
        0.8145735633761593,
        0.8004356194558288,
        0.8155026631674701,
        0.8223548299058856,
        0.8236126956417817,
        0.8040684622051518,
        0.8242909632630616,
        0.8240543066808104,
        0.8260744199241481,
        0.8248143624585001,
        0.8279892777576343,
        0.8262303383936228,
        0.83167549841213,
        0.8282639600059204,
        0.8312627712951636,
        0.833286350860662,
        0.832311269922651,
        0.8347944203151422,
        0.836855199209353,
        0.83766936192646,
        0.8358901405169096,
        0.8347110163328392
    ],
    "val_accs": [
        0.7465380318813502,
        0.7777707932305695,
        0.7162209443851392,
        0.7247501623231288,
        0.7685772335785767,
        0.8078032421670027,
        0.7710297114655421,
        0.7750324809675555,
        0.8287593547759197,
        0.8651311004126302,
        0.8817943545322473,
        0.8901028490669942,
        0.9006831351520109,
        0.9006967370058788,
        0.9086420864008566,
        0.9007950824189502,
        0.9034559286806497,
        0.9128708598807673,
        0.9105407970118407,
        0.9174814414646546,
        0.9136118405330033,
        0.9198864157198628,
        0.9143317427617518,
        0.9172184218258562,
        0.9170832969303002,
        0.9184561219032323,
        0.9175875280594014,
        0.926783210222102,
        0.9194638022000174,
        0.9122362092212523,
        0.9186430381336197,
        0.9242423423515427,
        0.9273041076162176,
        0.9279943723048726,
        0.9282768613800684
    ],
    "val_precs": [
        0.1453378172970762,
        0.17173448117289936,
        0.1778895756314941,
        0.20154415896607591,
        0.2488837107277727,
        0.2570803938280707,
        0.20199440947583983,
        0.20679872269566765,
        0.2300379101943785,
        0.2611609865330105,
        0.27537975192189706,
        0.33867002138588626,
        0.40031681224385113,
        0.41640950275061694,
        0.4006224851917428,
        0.4217172431101266,
        0.4185352125979966,
        0.4465276265167351,
        0.4044465875967635,
        0.48266188931738346,
        0.43956620805144403,
        0.47065200334322105,
        0.4308757501790503,
        0.45937708324798887,
        0.49105164402025925,
        0.5030441422162507,
        0.49371782770837286,
        0.5394428589917435,
        0.4859145773341069,
        0.48630122184046803,
        0.500940204008331,
        0.5264174376764904,
        0.5487203693176451,
        0.5389824187751776,
        0.5415500219333172
    ],
    "val_recs": [
        0.4995265908041829,
        0.4113696281662913,
        0.4902386616637975,
        0.4477893043151233,
        0.403908998121298,
        0.43598943857045946,
        0.4959908846603429,
        0.49429569904144416,
        0.49664045404943485,
        0.4479323412966631,
        0.41998070487251415,
        0.4352954193002913,
        0.4452567637212546,
        0.45800425022002106,
        0.40786986788852936,
        0.46480702387764944,
        0.47427097561986464,
        0.4430879231148501,
        0.4068622332083769,
        0.4360623330622591,
        0.44233833406659095,
        0.42132029705746077,
        0.4401755148263368,
        0.44781917863839843,
        0.4366497375031802,
        0.44517083193660056,
        0.4455152585002966,
        0.4017758473398316,
        0.447816611537383,
        0.4749109533380695,
        0.45729482817833667,
        0.4322179552692966,
        0.42997582551750696,
        0.42400613776327184,
        0.41318121118177964
    ],
    "val_f1s": [
        0.21852893973154805,
        0.22058885614796686,
        0.22524916761467043,
        0.23457400041272836,
        0.24431045024277753,
        0.26771142165451783,
        0.25786971178927287,
        0.26312602769452226,
        0.2935147752281189,
        0.3121245389948288,
        0.3201043644299239,
        0.36088155941190814,
        0.39584756934608945,
        0.4085035498778367,
        0.38244548136013795,
        0.41064045498001917,
        0.4188804983562722,
        0.4236286658054955,
        0.381377259671587,
        0.4310308096795867,
        0.42508139592861277,
        0.4297493893917315,
        0.41934842201799927,
        0.4363523677678538,
        0.43729577730073393,
        0.44517576150296967,
        0.4412937338883136,
        0.4422985253896666,
        0.44725633719434343,
        0.4423021568727012,
        0.4512337389512457,
        0.45131267395898145,
        0.45586292139761336,
        0.4539938665066235,
        0.4496280235943431
    ],
    "best_thresholds": [
        0.6600914001464844,
        0.5974103808403015,
        0.48347386717796326,
        0.4895319640636444,
        0.545680046081543,
        0.6435609459877014,
        0.5717475414276123,
        0.46666792035102844,
        0.5425872206687927,
        0.5562965869903564,
        0.526764452457428,
        0.5365294814109802
    ],
    "training_time_seconds": 62.24286890029907,
    "test_metrics": {
        "mean_auc": 0.8219261623417004,
        "mean_acc": 0.9130029481776742,
        "mean_prec": 0.49137311679814105,
        "mean_rec": 0.40298465828419744,
        "mean_f1": 0.4135695556368109
    }
}